climate,month,season,temperature_C,external_daily_rate,internal_daily_rate
desert,1,mild,35.12631414156061,0.007471803175507792,0.014486328718266396
desert,2,mild,40.32189504032961,0.009969043728659768,0.015483607749807237
desert,3,mild,43.35012836150194,0.011733098157125211,0.013991475754167745
desert,4,mild,43.49131000064143,0.011825473887108919,0.012022694722618238
desert,5,hot,40.53516486030577,0.01010323753552137,0.01122739274304853
desert,6,hot,35.18282500211337,0.0074902745066668325,0.012424185997986099
desert,7,hot,29.167497523710246,0.005296030264303312,0.014584884103058228
desert,8,hot,23.579871656637845,0.0037872525993706053,0.015053773703468568
desert,9,hot,20.52443372173838,0.003115875862863118,0.014015831639032512
desert,10,mild,20.489362364039067,0.0031139155105956756,0.011786139445991902
desert,11,mild,23.65855211517815,0.0037840706897606376,0.011295049664618929
desert,12,mild,28.896761425867805,0.005228394110564876,0.012714412785491288
subsea,1,mild,28.044442922201604,0.005162433431900203,0.01478386374924255
subsea,2,mild,29.803992735648148,0.005726275074519604,0.01533654796890459
subsea,3,mild,30.779371661602514,0.006069854007896451,0.014384725336737136
subsea,4,mild,30.821994270925053,0.006080344271395431,0.01200427934227237
subsea,5,hot,29.822457699007515,0.005734091670466208,0.011293411051961518
subsea,6,hot,28.111015409727152,0.005183101362338225,0.012520050682364675
subsea,7,hot,26.02030182699104,0.004574432144177115,0.014901287271783725
subsea,8,hot,24.203415914993414,0.0040905197760339445,0.015491911001806464
subsea,9,hot,23.175133708008456,0.0038382230317913287,0.013859783172023606
subsea,10,mild,23.18780475006489,0.0038434222719910894,0.011927334926081936
subsea,11,mild,24.21950879937209,0.0040974972227851,0.011240965414504946
subsea,12,mild,25.95585253497473,0.004547394441958867,0.013014172284894253
